id,name,email
0,"CgXlBUntmtBosXyIqo ",398.58
1,"ksAqUlCc ",903.63
2,bUvnsvtDmiERmtwEWxWy,132
3,ZCgifHLsbX,455.36
4,uASRoELUVVw,871.82
5,UHfQhvvOCza,593.13
6,qFcGAs,269.61
7,"pxUh ",799.76
8,DnMkGTcwS,261.7
9,BDYtuSTthFL,953.34
10,Eub Z,350.97
11,DSVUQLlAzWtPY,190.2
12,CfthdEzO,45.2
13,XfvyNsMGJjzfJt hjh,188.11
14,WMieDyNObZkgvthzy,855.17
15,jikFjrfUPYxcZJinnE,858.62
16,EmiAAOOOwYNbkJzI,222.55
17,TOrbLVyGlVAZeoe,591.67
18,mrlFYejiRiYIHpD,82.49
19,fjP FPPgWs fdQM,85.92
20,ADJkqa JdxpXJVjnUWr,706.55
21,"xHuiWSbzwMR ",223.79
22,UQHjoTXIHsoCWdgbruxg,618.1
23,WEaDU,229.88
24,puYeZv,605.2
25,fOFIhyNKkMAdJT,847.42
26,fnjHWakRsMKGp,737.82
27,jsWkJPWrBbbtG,562.07
28,OepWxopfxtVCmklnqAR,482.87
29,mLsVgM,913.01
30,AtegAigX,721.39
31,TqnnGN,766.62
32,q aWLTAnqIEAKBFWx,607.56
33,GoeOZDbw mbmOSHuFJ,340.39
34,ZaWMwMvYR,153.57
35,PxMlXztLPLR,586.45
36,rCYvfqvRO,216.77
37,HuzXZNm,586.81
38,XZlPn,89.01
39,GoCcfLANGiQP,929.04
40,LUWIZBJNcuozFdkUl,956.22
41,PZTVzEDvGSaZkjVci,77.63
42,ATzWEbxhGtxfmf,20.13
43,TtaqFWeWe,544.29
44,HNlmQvWYRYVxUSq,444.31
45,VmsCW,621.18
46,vJRDwgaqFQ i,864.61
47,YLrrVnBoneEmqZnJmOVH,835.27
48,MQs KncLUhNeKJRNJgRq,776.33
49,LnEmXee ecyy,310.8
50,lqSJphthUdj,858.08
51,JoaXdv kjjuXNlQvDSS,368.69
52,VTOZmWExf,918.33
53,ILbDMCwuoGx u,330.12
54,qBwnWawMcNxWiX,253.4
55,gPKasYFujpeDhe  y,422.41
56,VYppEcrIlRVXXFapreqL,1000.26
57,lZJagDDQOW,207.07
58,T XWjDPjpTq,7.11
59,fuIVLhpPey,954.39
60,laBWnwwXbTl,647.94
61,wiRCUPceVlLZSbE,158.6
62,WUvDadTDHOba,59.48
63,ozyTzBPtCYPpba l,598.27
64,nxByCD,779.71
65,AeZasfvimajYpkqWfqHa,461.81
66,HnjSwq btbaPaMAcZs,824.17
67,UvnLgPEEUjMJGxcoJz,510.22
68,wfycjYH akVTTnR,792.75
69,laRXKAMfmgOScqTAmyW,139.84
70,heJAxjsoiplSATvF,90.47
71,KFDYZHWhQfNTL f,755.48
72,vZxCux,80.07
73,t JLrKTdX,392.41
74,IGnCEJLOinCBRgYBU,762.93
75,KQKtOgEYNySzw,19.52
76,EhybwutrPlkWToEOmjLc,289.63
77,uIsapwbVaCleXqAJID,205.01
78,BTTic,572.36
79,nLqxvO,185.14
80,wyNlJtksXJ,856.97
81,prZpxsfSHrZZYKuUsk,164.39
82,YlpmuYKkigwmTR,347.7
83,MhoEYmjLWZM,185.71
84,ZTXQxxBOHIqprStyx,510.42
85,VFSLvjqH,78.03
86,GQLTOwovlWkP,92.55
87,NETxZ,125.76
88,EdENULBJmYHYS,519.71
89,nwVaGfGP xqVJCW,684.48
90,pMzAoko,530.42
91,DNxgeHQfPInQF jUhMPK,608.28
92,IaPTaX,193.97
93,cNjXgjBC,589.1
94,ZgdlLwFybzi,955.24
95," oCRfkfgjBWzdBAGu",638.77
96,ydczXS,939.13
97,evg TbzTUII,43.37
98,ASQcsNrRXyZEMw,489.28
99,OB gx,893.94
100,wPoU AdO,618.04
101,UcZglfsTyKrVDrffL,163.73
102,dxcsQiQUeoJkq,731.03
103,OJYlZS,176.48
104,sMDIiq yWHHBYi,951.5
105,CHWQPAdQ,676.3
106,FdwqojAmvDAQjZ,6.23
107,pXnymehQE,905.85
108,BYBaursjG,163.34
109," YCCpdGwqmWYxrxhw",857.07
110,aruKbSZXTTzfQmkCVCwO,836.39
111,fgnOyQq,536.72
112,jXIwCJlgrcPtCkYiOO,990.75
113,DKRykITJqTsseRGpCPxa,198.3
114,neOhWLlXdApzUcBN,626.56
115,FUpR spVFLk,881.65
116,qmPLjioWqLnNNwW lx,277.54
117,DloCmdhh,972.39
118,CjOIoCdXVwJWf,746.19
119,PwAmQuGXqRABCAwRpC,120.4
120,ShpUTyJIEWJfzYIC,869.65
121,IzBeMHHjweJHXq,339.55
122,LkqxYkaXl,975.77
123,ToPEGXrlDl,691.67
124,kxpmSkreZLmDng,322.74
125,cLMIZGkogkElzd,219.9
126,nKJnVldwpCdLLBWdoxX,384.21
127,GOJPYmBoNGZwMqG,89.02
128,XMntRLOzb,990.33
129,vGJawkqqF,240.35
130,MUOVBbPoqFUOH,963.23
131,VGbskgHjJTQyGUVLkQ,60.93
132," PiTbRcaSWKNM",423.42
133,XDAZQgqSeKCEyATRRUL,80.22
134,zpbhd IL,688.23
135,CdjcSRVTMtgmRxCdlLSl,730.93
136,Ll wIYfYBt,186.3
137,hLxTlWHhFoiSszc,419.43
138,XVbqSvSET,730.13
139,RKcnLnARktJHJU,280.67
140,VqnoV,932.29
141,eQoHevJQSoQQBvx,595.82
142,hjdbvkFQdoAFR,525.43
143,uIZolVJEEOyJOvnVw,864.87
144,pnbSmgBWwAuYek,817.1
145,VnvdJeKBiohLycYazc,976.22
146,hKhIPTy,765.36
147,NEqdB,891.13
148,oOQRkZhwrZiVBm,467
149,UWxUPZTFgKZIqVm,249.99
150,HCaxUpSdkVG mF,711.49
151,vUMliMlzLcAwz,400.13
152,CDjMqth,174.41
153,ksionGSI,324.53
154,qgmYaeKUV,18.19
155,oCbrcsRriiazJGHSnk,451.26
156,rozKDOUolndypgbo,46.53
157,ilYgMDxQGrFhNWpo,655.23
158,kSBQWYqbqq,798.46
159,AHbeXvUhG,934.15
160,kbLRbgfchNTnrmrctuX,782.47
161,KdujeS,332.54
162,GZfuIEIr,913.47
163,WzDqylt,881.93
164,IeUrLvtBJsdQypjqLe,969.27
165,ESydvcs,325.53
166,jgzefSpRW,792.86
167,x LGrhjszYXl,369.11
168,FdpbMxpJpunghzo,712.36
169,vVIhAaScoQpMZI FI,26.36
170,GPmargXs,164.88
171,KlVzfGjkwduy,562.07
172,nYqDKtSmSEVpUOhlxEyl,745.25
173,TmzeTk,324.18
174,QDcNaQEs EVVvIxsX Cy,805.93
175,zaVVdmvNtZIx,234.26
176,RQLtaAtboR,411.5
177,gTTFuIEFljNfGPUo,336.12
178,zPdlVygKZgUL,147.36
179,mVgOuRCE,35.58
180,KTeQt,383.84
181,LeVyJkcjcArIitWbp,804.37
182,uzNcuNMAIJqDmSTmYqW,662.55
183,UtdrwNbmNtGTXXvMoVcL,958.85
184," hxSfwVWkgsSbExe lk",843.54
185,LkXbM,297.54
186,xmjGyIRmwmzlNe,390.8
187,kkzpGGK UreuNEHuT,816.61
188," FiXUpYRR",371.93
189,"kosMkwqlIMxFGocwax ",731.68
190,QSyxMttQX siN,381.09
191,AQGlmivFulTOHH,826.22
192,HbfMUpGxxYW,119.43
193,vArTanQmFtRdsPgw,306.31
194,ASkyWBi,372.31
195,UsmnWnawCjcxdSgnXovL,759.66
196,Rscf JhR,966.31
197,qyqDszXf,947.22
198,rxzvMoCZvwrfXMLnINbw,676.65
199,jDhzjyweWOR,607.66
200,jpKZlbZAfahXxUrNWwHx,505.22
201,EmYvogwtwsNOngtR,976.65
202,KNvCCngwDVEq,732.65
203,kHiHBrQuofZsTlfYxmxS,553.93
204,mBE fSAfrcW,334.63
205,CJQGpwxZoVs,492.16
206,qmTQedzeDulQOlyJouGp,839.42
207,"nqNZRhoZNZU ",605.36
208,"GtXTbcdDDDbSCgaeB ",49.64
209,XgDGCaGZuqplNCWj,784.43
210,vPwGplTDgVAGwQAFwR,969.73
211,PYGHBeE,746.5
212," dNumMtVxOCBL",936.68
213,zkHGrdbswdlu,650.1
214,NigKLWrux,824.87
215,FwzRzw,686.49
216,UfQKdclPlhNmFe,259.51
217,e  IJwFXUvwTdvIPFn,527.92
218,LEXwGrFZJr,372.72
219,lduLyYokuKhNLPWy,908.23
220,wvYEywkt afnPbvIoklA,707.2
221," ikmLTHP jcnIa",729.68
222,PtqYewzOF,64.47
223,sOBryLFYpeMgvLCM Lbx,943.31
224,dhjJAssBybVVpnrGzV,680.03
225,vUfyHeJr,290.56
226,IeewnCaFxqBzfXQTqaqU,620.87
227,SrGDctbs,790.75
228,QFpknymKE,9.73
229,omBThwbc,602.03
230,jkqFkCgnrjSsCAi,499.63
231,CPhMiY oUMxLrUrSsnEV,242.77
232,rANcsJIkLnTpNgcwOTAG,353.1
233,IcGlSBIZUOaSyr,876.2
234,ToSArOpVcULEXQfQdV,397.49
235,cS I PCdkPa,955.33
236,qrqTmZcFYiairk,154.1
237,hmNFbgDVQHs nA,317.72
238,JZBFvXGfwdTuQOMV,608.25
239,kv kR N,799.15
240,zzJGeilFSE,809.34
241,oGMrL,292.67
242,UrsHdKgmywHkfn,569.15
243,pTQFdcsFKPs,545.96
244,oYCwFvresPGUoMBzpl X,372.55
245,OznOkwzw,903.22
246,XDaPBXN SBlA,405.12
247,AWaHZwKhuOgafOLLffLT,337.49
248,AfOSofreyKFEGKXgjx,746.61
249,QujZjPNlSWh,453.68
250,oaBJzqrShDVAQTy,924.97
251,zROhNjpsVg,26.72
252,CnuCXJ,38.62
253,iiZtaKxy,808.31
254,qdR XjbEXU,53.5
255,lmwIGTGgYIaNBGGpebPF,795.28
256,jjFftxnfruj,574.46
257,VnmJReQHVfoFjilkfdD,426.87
258,j at rzZuoxhzlCMRRF,717.18
259," AHQTFqKPaAKWWc",825.76
260,lJmHNlpTfvHGokBJWY,548.95
261,IQfaP,692.67
262,EUSMIrmR,511.91
263,UaSyZw,611.25
264,ZajtAg,889.42
265,AfeHRZMfrMKLnOL,317.25
266,fJfbYfIQzm,595.49
267,MK yKZsdRHMg,821.32
268,luJECMsPrOB,745.78
269,OhejcAhmCufzyDOYMDD,239.98
270,cuussEfPdrEmiCIVGs,452.58
271,JzMsmbhHIiT,32.2
272,iqkMcSWEHNfmlAkb,509.24
273," aIuXf CGJjX",158.14
274,zZdAaP,613.22
275,kfKVI p,320.5
276,GkWZRaDzM,754.66
277,RQggVssmfYZixtglEb,561.5
278,mfXuEewU HlxURVkwdIG,938.22
279,IrOmvEuGBFrqpK EOdye,66.61
280,oQQepY,248.49
281,vUVgOAiEjJHGK,646.93
282,NIQHqPn,763.19
283,HWkgFtoRlPPSvBSJSYol,437.17
284,XeOXXmFeajhrY Q,723.74
285,zkgKsJN,559.82
286,iUokOA,420.51
287,m uHqThZdQGxWowsVHK,603.09
288,KZZteiuqYRsIfHIZN,524.24
289,VaQzbRLslS,818.01
290,LqsWCWzSWIf,255.56
291,SculdCCUVHyCC,179.41
292,rXEVzGmdZQBFMo,308.49
293,SIhvqYlReAHQwXqGCf,274.99
294,eJaGKReBFnGKNBCZLKeY,250.67
295,NizClr,365.94
296,xLgJefjBRfgebBivcpy,624.06
297,ZEzaJFPZUi  ArMTffd,623.3
298,oulUHjIDFhPGs,966.7
299,PTSVTnvyOhosZetLHHgh,541.31
300,Az fsOJak,407.92
301,LhncGTZLsDJJrI,608.35
302,nGePcxdK kr,455.92
303,kbLtyrqoPAOQTJpIo,769.31
304,JtdjsfDMt,941.77
305,yauEYPXsiyYQDb,908.37
306,nHabXlTvc tnjRVslpe,282.21
307," EWayfkqzVHjn",143.41
308,TIZBdjzrAMXgYAk,623.04
309,MgFsl dEXTEwyVDw,175.77
310,k PJVbvZ,896.62
311,mmbSIvUpFjNvFVwVj,43.56
312,DELZfJAvzVfZt,809.75
313,XPNLPKKdVQzfVgFuGijI,980.29
314,YYeXZZOdQqHAzjl,463.85
315,OQiZqROmRmi,399.85
316,HajgymcZCbQFucpnd,871.06
317,yopIzIeAr,504.84
318,LzcLjVjeicXubYws,915.61
319,TVhpYGj,145.69
320,lyKinITLkF,852.03
321,exOkIdQsnQNJjOBO,341
322,tiQkxDCOIfZ,860.45
323,tyynVwCUzmL,344.46
324,zXoNQTGAyJ,961.75
325,vOBldlBriB,393.13
326,MyzryxbClJv,611.05
327,gQdkQnoOn,8.85
328,SqRaLbfEDtNjKW,406.04
329,GLxeyDpai,734.38
330,HXOFLV,751.27
331,pwlBfdHSgmdTuxHjPjzD,895.56
332,FKFmCEaIMNFlRl,246.31
333,XLo QdxYlLJbxnU,106.88
334,sd TlC UilEDFMOSg,39.43
335,uXSnGsGjHSafPpC U,88.6
336,sumHZYlRHfEHBckDCsJ,303.74
337,RaMHsN,532.91
338,LRrFfKYhLd,745.35
339,uMrxto,942.82
340,xWeEzk,994.61
341,mX jHy zWYDCC,407.45
342,GoEwoW,853.39
343,fq zMO,142.72
344,RRUOhpvn,761.53
345,wHcZxLXMJf,61.05
346,HjenDjYtCD,781.67
347,BDvzXQcYPYWi,736.46
348,RrCB vLn,769.87
349,uNdpZmBY,845.66
350,MctwcCOKTl,633.81
351,cwXrXHfRiofnekqkN,777.42
352,fLsKZgXwk,562.53
353,ieiEBGVUPuoUTtpHxYCo,220.68
354,DXMoOAe,279.94
355,BrFhkHOMOyOoBbyfO,424.3
356,IMihrkoisirzmdSWf,73.12
357,pCGkMXdvxOoF,115.35
358,XzKBDog,11.36
359,xrtS UuveMseKJIVQ,34.74
360,vniTFMcEIeWX,231.41
361,JIDUJaHzCiO,964.96
362,GpThQm,427.17
363,nvjXDNjDMlCWk,489.3
364,GQKezSodrtAISym,89.87
365,YSTzSbwFdsiHZU,592.72
366,WBOOIQSjGyDFOr,422.19
367,uTEiUmdOASj,963.34
368,GevsFAjYDzSeC,770.78
369,e ZlpVkuYkahSTBSOZ,740.2
370,RmpUkOHe,271.14
371,IEXLFItnyTBl,104.93
372,RTHamno,730.01
373,KvMxXlcSDW,422.24
374,NBlkWBOaHALVDWI,258.21
375,bKuyNR,816.46
376,uAcaoCbRY,878.67
377,PBLiy,349.67
378,XGiYZMbxvI WWzoBlao,170.51
379,xqHqeW zsWzU,288.38
380,HEaKgoElHBVsR,394.87
381,repnBqfVbg,423.01
382,jFvAlgKYIQTkKfvXqj,613.31
383,RGSBYgCNCZGtoglaQ,759.41
384,qwwIJfdvEFmK,655.68
385,MHOapFacyZz,702.53
386,MAfTYJhiyAF e,11.56
387,qzlBroXqR,511.42
388,wOcQpaMahQFQbGmeBeD,907.07
389,nLrOpCg,543.07
390,PWYChEWtiUQTUqJsGxpx,817.17
391,SpvYJKbiJKSa qvh,177.33
392,glZsuhp,117.45
393," rEzY VKKPX qthlJ",781.72
394,WCLuTVbNbnItmcoswJmH,121.08
395,TRzATV,133.02
396,XBBnSLNFowuqv,280.61
397,GAMPJrbofWUsSTLj,989.47
398,QUtabxdTXxbcWkWW,843.55
399,ikusckGuZt,914.29
400,mmVrTMj,755.25
401,RopaG,31.77
402,tbEEav,116.28
403,MFywxmCPROXFaDskYlm,264.22
404,vVuJdtPzlqURQgIsgcfv,400.24
405,qADHF,845.67
406,hVMSHIoxKyKEnZ,118.28
407,AcsGg,651.48
408,zUfjmFXO,601.77
409,souW raQVCCZGJ,703.32
410,unznKlc xJzIfdpqAWI,151.24
411,dkPREQGxfg,981.63
412,Oyxup,529.32
413,IzvfhBLm,812.83
414,TLaUYApuphqtjoQhsOk,11.46
415,uAOtsUi,575.25
416,LrYHcGAuVTHjqPITaC g,627.05
417,ZCJQe,608.93
418,lrldDzka,712.62
419,EDHOkW,307.37
420,TTwWIICfaUAczXtjppzD,762.22
421,paJkE mr,117.6
422,"AVGNVTMdbPIBYC ",297.03
423,kbwktmLXEhKAVqbbgBOx,395.35
424,FPQetILG b,541.28
425,bFTaiXxBD,753.05
426,dhiqMZdJOK,573.6
427,CpslsSndneHzNoy,499.26
428,zrNjchzXNazt,747.65
429,LJGpltDobSsDuPDD,645.88
430,NYQRJADqjvjusA,826.62
431,UqwgslYaeFiwQgDWQBZ,544.43
432,EPUmAkrvguJHKenT,821.19
433,hAiOIbnqG,618.31
434,ZxbBFLasWAe,204.38
435,KN QvNfxslCLOGy,643.99
436,ccKdNBxoSVYAOKvDxfTU,917.34
437,rYJKKzICdmWnBByOy,141.54
438,"OFuIIbmLtCphvQvmgtZ ",890.21
439,WFvKukOgqzhdaDtp,963.79
440,tZsjdJMnhdC,936.17
441,"rybVrFbKgcHBIzC LV ",537.69
442," fawhaAchIJExP",371.51
443,qkcaeeqXKqi,139.76
444,FqpuOrrm jeraTlEY,735.72
445,IICfBvxdznpVX,961.9
446,bWJB jmsYanJewckRTM,316.94
447,AApcAGGtESarbqMkklP,562.75
448,kqmnVuz zR,146.67
449,DeeisfdUxAa,794.21
450,UZCaekeGtSENHH,289.51
451,krhXL Nw,413.35
452,PZpHRnpfwCpqUvWr,110.17
453,GhJLHhmvNCEpqGcuLYgw,346.48
454,IAxwOfaNQqIA,681.49
455,gnwBYiWLWdEj,769.24
456,IBjoA,724.51
457,FXYMtxBSxDEVF e,790.84
458,mDMBy,734.29
459,SwOEnHsx,237.95
460,Nlmf ndNmttnjbuztlA,101.41
461,YXCcKAFigXIO LbRCp,481.29
462,mzfwzUr hfNTXH Us,611.38
463,JfivZuitqekKZ,432.13
464,ZhTeVgRt,916.68
465,QFNoRbOt,579.61
466,zLxzwMbo ANPqRfN,845.25
467,BXyhlsuAyyhuNO,638.19
468,vRfoacGwuCR,429.46
469,VbfCxl,461.27
470,zTePjEmUbzPQPdduKuwN,938.21
471,Rsfj ONrwASehJaxwKd,486.34
472,FzGnKohZk,767.3
473,WoEBXaOQ,814.35
474,xWZPBLQX,74.08
475,ItPjcJojKNVH,148.73
476,vNslpRLFK,415.63
477,"BwKDFxlzCIr ",562.57
478,pHIyQImyXdpjToZuu,381.95
479,EdjMCe,498.21
480,cJSBJyzzTmJuvuXLLYY,722.54
481,dCCjqx,907.16
482,MGbYISGiNHhH,39.19
483,nIgVpdALJDYvakCGkG,292.89
484,ERyZdxCP,893.95
485,vjuOXjSZ,680.03
486,"qGaiszCjiIoTIYjWKWi ",889.21
487,ShxiztJuUoCvWQ,552.52
488,AclPKuUVwfAQdejMhTj,86.6
489,ouWrWsRAEqFt,431.87
490,RCICNgoZgrGeJUtUrQ,336.49
491,SwhcssYgJyIkmRuKVr,314.42
492,eIFDusWjLFHWyxnTZncl,373.35
493,stkCxBUAdDFYzege uW,502.92
494,ZtInTGdDQXbDgHulm,16.43
495,urQzvxLPZXpaAbdaJH,338.28
496,jCddzGoC,283.37
497,xgJVTLgfqCHe,355.62
498,djZLDlxYRtbCDp,749.24
499,sMpxLfITWWui,839.11
500,DldsH t,550.81
501,bzCDbpLVJBipKtL,61.36
502,lD SSAppvnnFdLvm,114.27
503,fhztBkrNFRKxED,71.11
504,hJCmdqY,25.78
505,trGNTrWnBo,113.07
506,bVByS,974.88
507,ZIrQoTxRwmyxO,529.77
508,lAUxAXusXu,560.11
509,kuCnmgmQM fRCEe,761.73
510,XdcqSAPzDWP,209.92
511,GsXga,887.67
512,tJeWy TEwuPTkA,328.07
513,SGAqbbtZSvhzfqTVSPR,437.62
514,IXdoqrOfqlZPtjxc,830.96
515,hAlcPA Ce cGbRRyug,65.53
516,HhbDRFBqOtIhXeN,616.69
517,KSlSGwDbIq,214.3
518,dhoyDKPZLQCmFZyCxllm,945.05
519,uQlgQXbIjqykDA,824.24
520,f tcTC XaEpJCIW,220.32
521,qBArdnqfg,498.2
522,aSncoaxV,985.18
523,xQuppTYV,497.2
524,bASSjZRpm,330.42
525,gKFZsDZGRmjqBHG,216.96
526,qGGWMShldeRB,916.5
527,HqWVC,321.5
528,ZvkwSqmTUOypGSMUbHLi,118.54
529,JTXuoZRomGK zkKl,144.47
530,fVFcXQCNPEWXIvkf Tjd,915.54
531,plfwwFOkfIdTv,210.18
532,BtsOWRa yr,310.72
533,HSsI CZ,758.02
534,dINhIXZwvAjMwI,511.31
535,plA muipth,487.43
536,cSLLDwCyQfH,425.93
537,raPnSKJWesfnuYTvoxA,590.43
538,CjCBZG XZgPhFNg,146.69
539,CJIxgYxVrRiFD,122.15
540,LEXhIKyxXJr k,560.46
541,rfLyngsEyUiE,555.05
542,OkKjpYHjjjyilphO a,997.1
543,RSBUWWVY FBzlrzh j,113.91
544,IcYqcvyEHQIW,595.23
545," UAHRqWSVIeMrCbgBTm",774.71
546,VtSSTDGKFPj,788.09
547,rTNNAptxqrlxxX,873.89
548,uOsiWkKnMVuzUmxfT,349.08
549,HVygAXhktTzRyLPYJcLs,911.78
550,siEbbLSfJKiJjLeDwz,921.46
551,pAsWhdyFi,180.13
552,pCpenGYcTuv Ionn,105.15
553,GTPsYBtnYkZnUkl,955.75
554,nOcpXDnYzSVpLPzaed,162.53
555,"xRlkRFVpdiE NJGSYh ",697.08
556,HmcYyYKWvDeIGQFAFtD,723.61
557,hGddeGDqftbTGkyszH,932.55
558,PdHvozQzfxZ,487.35
559,dzCklfZK,85.83
560,mMTSzmpiF,106.75
561,pSuCtEwImogc,21.8
562,rDqkmbIxaw,734.52
563,bavhdkULQASZKxJJyAO,428.45
564,ZTDNeYpzTk zLz,117.32
565,EfvQrSfroPpsqrDoCjLc,525.57
566,eukII,322.69
567,gCRUIqWqNavrX,752.94
568,CltPTCxozkEux,682.54
569," kgMpl",870.39
570,sXFDdyPmKZdtfQvkmBl,458.29
571,BSCNYNZoBSkYFYkrbLR,409.43
572,MKgYHHjoP,6.48
573,sjySdv,627.04
574,fbOss,131.24
575,MNQFZbPHwlai,690.68
576,QLEMfvKzzqJLurHv,738.15
577,neOPlw,769.26
578,GhkVmP,631.18
579,skgovJKCur,739.1
580,tEQMpUopFgMyLCOXbaOs,203.89
581,a XdHwUylXqJWy,781.38
582,PnGxKtQ,47.94
583,BAGvj,839.5
584,zPCwSlIwGl LK,804.88
585,hdtUZ,767.73
586,RwIWengLfFL,892.66
587,PXgIoImeajtYywAn zvM,587.08
588,GTrGWhPzlBYl,945.98
589,tIRLhjSfFUzPkFbLhhd,496.92
590,PUfZSaxzBDtPvrI wgyq,460.65
591,OTspqFVJyokqMzoQMpC,785.26
592,YuEFL Gcbdr,511.2
593,kqtlAWXKKwgJdIBYNnQb,330.8
594,noKwNUYVrbdOelWTl,867.37
595,uVSYtypQLoJte,941.59
596,yuJdKPMszMXwlfsJCmMs,961.13
597,XtgygbjSLfyjUqAaqK,28.2
598,YVvcRFe,933.13
599,wgrFYOcFxbNNR,635.08
600,enZPhkqKKmlkcza,34.89
601,ZAyzyVMxMFWuWwZtCW,949.06
602,BJJKhhmRQgZxSZqDTJ,614.99
603,FaHKi,215.26
604,FxtXXpEICjuDhvyRTNF,874.4
605,EPRvpGGfyh,190.41
606,ESYaQtjI,750.27
607,pXM JZYuiGcPYU,50.9
608,CDYtCQGqy iDHAuLeIp,694.54
609,NLmMHwCObSGkgMzhBo,782.57
610,CeAduIczqlPFl,403.23
611,nOnhHIFYrdBgXHlEge,724.66
612,AeogTQh,847.07
613,U AVZ,463.13
614,uiDUWJJuaAiI,30.33
615,JgUzCM,772.28
616,SWEZcsM,573.81
617,rZXFlVkgTjAlOhtq,71.43
618,meryUf sBa LQghQHyzD,833.43
619,mwpfzMUwJgPEMkZCiy,307.26
620,MiIpFf,264.05
621,qHgOYxvwOCeMEHAW,398.4
622,COKDFYDu,695.9
623,XzHbMiLjSqoBHHxygL,65.41
624,fhPXZvQu rYiU Xw,782.18
625,OslUbEhjO,836.08
626,vvTjP g,987.76
627,cR VMfWsM,986.25
628,xMLdNbCNmY,413.21
629,EmaZs,404.54
630,PKYaR,437.24
631,iMtjnjarEZjc,788.93
632,hSGEiOZymaaF,500.76
633,"UZGhfbjOWRCR ",9
634,PYRPtadmKLYtnA,589.13
635,IqzQtgu,953.91
636,TcGOowaPVu,643.58
637,LqCviMdtuTwN,144.37
638,jqvvroeUsY m,896.55
639,oWWep,614.15
640,MIM NdSASbK,754.26
641,bglu reDaQUIhq,570.04
642,iHswjokfyvfyIW,929.61
643,KYlpL,730.48
644,rBXNxD,348.78
645,EEATZrcRKhVgpfjIe,805.45
646,Xp xsaLslHlhm,493.03
647,AZbHex,196.28
648,dKaSaLZSH,746.39
649,dhGIvMO,995.14
650,OmAygVTaXveAhZBQgyH,915.96
651,SSdKu,419.2
652,RHHGl,971.44
653,rtrhcFIsBD,769.51
654,MaqypdSTGkDXneqW,162.4
655,tiCutIxlzbClCEfHr,783.49
656,NxlPjAcVOhsRwLCiL,727.22
657,YwlkkHgbzYpUDDrutzX,73.39
658,GZqQVrzarNNSLdqJMSo,847.33
659,ClVymAljseDZDY,80.28
660,iXOlWpeWwGxITNloEq,808.79
661,VaebgxTimFdhphacRP,991.89
662,drDrGDeYkWmEkmcpkJ,298.7
663,chmYjG,340.98
664,nJjwevrrMZIYTJOgsCP,758.56
665,PQpKnwzQBwQAQpiAGHm,121.64
666,cIXxtC,125.49
667,PWDZGxLxmTDxZpwYoySL,625.49
668,pWXBFblxYkBpbTfvEjy,714.98
669,vklFmMN,860.58
670,xuurE  Ybig,189.61
671,iBNIlD,738.17
672,ynbQS,921.02
673,WfuhIKezjOPM,544.89
674,ykiFjwRbAEOFJ,520.69
675,ialGcNQGQVvl,466.01
676,RwAsY,513.77
677,AGheGXdzPipdS,734.37
678,IDW  WIXOjlMRM NZa,751.77
679,evPoiIZc,425.25
680,BEEeruZhTq Tjf,337.36
681,uTKXJzUJZekQs,190.82
682,xgJPrrHAMzr,284.86
683,ElxgmBAokZOFesvLEa,578.76
684,JJHReAACAcJRCAGyMu,536.96
685,wDlDMYAvGQWKDcLgvD,892.32
686,JEWQfluUjNdPPA,37.31
687,XkmBGrMGmdY,431.65
688,UiYhdRsmMZARAZDQeT,763.28
689,SPqrpdOxOH,552.4
690,WPHTRxVDnI,424.6
691,LNjaBcloNbbLtn,580.9
692,egKJsMqIj M,822.45
693,lPgZP,317.58
694,ryuJNmFnCZEfhw,989.15
695,CkEm OdTU,320.9
696,eQQFhBWmqAaxMmOYlM,185.56
697,rZSIajp,884.88
698,ePEPIOHDIuVyI,238.64
699,aKPrFptBdRPZm,634.54
700,sSOyGVTSYKYSRLcy,55.85
701,ILgzUIWcUbUprpwBJi,987.03
702,XgPpJSpjOpW Rnz,711.94
703,MZrfPEXwk,434.59
704,EJdzLBhdooHYrAha dfD,586.92
705,wGdcLJDaHL NWiHrPT,974.31
706,fYTUNAAjsy,257.52
707,mRmKdYt  MPhVpWBjv,524.22
708,YHQBRSLFTwTtUcqHAEp,881.91
709,mmXUxwkmUydsdWqSdr,18.58
710,AQIAijQAoak,29.92
711,FdRvsWhWDCOSjCmhITf,42.26
712,JBIQXKzTs,315.95
713,genReevSWXFCjovbOjwh,282.25
714,nunHEaoLomkmRPBTP,708.9
715,SikeeTz,239.47
716,G QbmAlmlrXhGBSFu,980.19
717,jwyLuTBX,531.53
718,kNGGGhsn,826.57
719,WoWVUAt,448.03
720,pHsriwwu,488.9
721,bwTxamCtKADKXtdGFGEd,45.9
722,QYqZWXzJavpmXI,478.07
723,due dK,879.99
724,EYEPQpGyttbJUWdICPZ,679.55
725,vyhzlTAJrkuQf,290.04
726,nDsBRptjsOMFGCF,848.09
727,MxlrFuhXKbjF,31.3
728,iUASaDPMxAyFg,146.55
729,KocUbxJFkzfaWsv,735.75
730,eMeqN,899.14
731,snTFjqbgFnVOSnXJ,657.93
732,TVhn JOq,110.89
733,brr pyOec,977.99
734,yXFWYNkU,66.44
735,lyFXYvtLnkvakYCjVWkG,752.53
736,UrsbemBWAuwdArPDxB,787.24
737,pSVRFBDShOQJdmO,635.35
738,qbGeODj,695.25
739,zIDVzK tzOvc,192.81
740,MsUreO tvHrQDZf,790.07
741,JLhTQvcfTMXikqVn,482.6
742,tVZWI,781.77
743,dAozBaEWTvF,108.39
744," ZAsAzOqzXbDRyP ZIz",465.36
745,AXfidWVQWyGUDNBE,962.64
746,yCLwlM,167.39
747,uFsMbbUyTcwAhNz,107.4
748,ydXYtggBAdsGnzLl,570.41
749,pfoSZpztlDnqWtdh,982.88
750,lRrNZoqVDerLXwGJdkN,806.23
751,QWVyPNROEFdzg,818.35
752,KdbEaJkZVGSWvxzva,140.26
753,jmFLKKAZhbL,697.19
754,PCYskXtifsVXneRFS,85.03
755,wUNlQeOLnvmsUp lNw,784.98
756,LjTer,462.04
757,PBhrABmvH,165.65
758,SQgdiHJBzVnkk,193.57
759,QvADcJINDZfbcIzZf,262.69
760,fFuxLqDLUcZFAJ,299.11
761,PUTZJPppSMA,82.55
762,BBIrdbqSWIibxHDsXSfV,826.07
763,PVufAiYOxYh Si,428.77
764,bAeiKpGPw,978.29
765,HaSTuctjw,521.91
766,zKHrtcSwCXMNFhnrN,986.43
767,XlZ KZTVsgtcOzLqq,728.98
768,dhdeZivYkISwyN w,292.7
769,pneLNrVDg,285.44
770,BlVvBhCXKI,771.28
771,upezjjW,240.95
772,GEPEAtjEFV,779.55
773,yLtSfnhziDgk,309.56
774,XbRjxH,263.95
775,AqGnbHPPgNwck,111.13
776,QmVOdu okTP,823.82
777," lKXJSsKHMQlPgiA",547.57
778,fvqIqeRuJmZ,691.13
779,IiqBgTKZ,618.79
780,"  zGNLp JR",963.47
781,wBCDhLffpqhIg,700.51
782,ejQbjZQJveWQGscU,40.39
783,XwqxL,965.15
784,DopAsNXvFrFdfBFWK,853.52
785,wfPqZQrvP,508.09
786,HuxJfSEgPjcbTpLeA,145.94
787,yAjnvUQAPN Yd,865.92
788,BrfPBUcWG cyGr,152.02
789,jtlKOQTsMRiJ,52.07
790,wVBja GXBejunFXS,917.71
791,VzSnLYFWEtjEsjwTwJf,997.78
792,epDcmdFNLMHCyphvw,150.72
793,drOWVKT Ga,57.94
794,EQdZIuGgvwzeZVHEj,413.4
795,OmAqFMlMA,292.08
796,TrFBegiwHm,951.6
797,ztPnJBZi,893.58
798,qkHyaSGCLrWZ,932.47
799,JaBcsrrnaIIlRyNtFZ,276.95
800,udWIzgPQEZowcRz,887.47
801,"KcqA cyReXBwakCyIt ",94.7
802,DuGAXSOqsM,449.91
803,vtFIDpW,770.71
804,JkphCYjJYkQrvGQOQ,111.61
805,yklbH,566.9
806,ljshNEtiXsAxnP hrSY,366.89
807,noVoiqGRyJu,968.79
808,uNAJEQSti,549.04
809,VjETao,150.97
810,ihXkwVY,668.46
811,MfxhUx,51.63
812,tOwGb eHsulKb,122.44
813,ODdVt,257.63
814,OyQckS,899.61
815,BXSxSeWU,381.87
816,yBnKBIovvQrVDv,510.34
817,gUWhoISdqQl,791.26
818,VR FJwTZKU,758.46
819,CQrXSSvDKycwHyWlf,755.51
820,XTRnYxDDYlkDDdI,810.3
821,hHEXR,286
822,Ojiqsa,824.25
823,XuaRZTaTVamCragbIf,414.64
824,"JmGQ ",283.21
825,azJkMzSGoHFHZVSTAob,423.11
826,bTZBxEYBVRy,157.41
827,tzuJnL,396.85
828,VzxXWrmxTiotGH,930.71
829,QysTGmHCvzu qUwFyxo,509.65
830,MzU tTYr,497.46
831,VKDzrHOWIVE,227.47
832,iZBoEdINhnBe TiZJUI,925.21
833,mfyjLdScWvWpncb,597.5
834,AmjZVxf atB,177.46
835,hlV fPXylxDBpjJyyGO,485.42
836,kiXIPnSVFNws,820.05
837,ONkhIBuNcCXeDw,902.74
838,etxzrOrM,723.34
839,meqbDjZfy,801.96
840,urPpJAd PpuIV,376.96
841,FzLkJoXvbNOwHstN,318.76
842,VuZjfEXd LBD,952.79
843,UjPaVXllxQmuKtip,805.93
844,BFNqIvGUS hc,449.51
845,LiBWcGEpwrKTH,479.83
846,DCynoORyETVV dprbYsG,895.13
847,cLfGeY,299.77
848,jPxYkXuBEfqAPLIeglya,89.89
849,hbnGw,24.38
850,TVln  ktjZ,355.41
851,yimfWLvoJLexmwRKH,804.82
852,uVsbIl,58.07
853,XRguA,142.51
854,DEJGDETu XnxkJ,379.16
855,zJNGzUuRxQpJjiPTsAI,149.03
856,tokKyFXC,314.32
857,TOYGpYTTZGoOBcAoEri,478.7
858,EYFLremzFNsxSiICuPV,112.7
859,HYpXJZKQPStOp,107.29
860,jfpwgDJTfhMWcuVzwWP,856.05
861,FCKuFOavBNkKlzAbHUQa,116.98
862,GhmScrATFM,938.09
863,mznSdgzBzvezdrXPRWF,928.35
864,UOQlhUpTnGELuJZ,911.6
865,gYX qmNBrxK,915.26
866,irHqvtMRxCJRhTOvsf,625.36
867,oWtSALihiPtprV,617.81
868,qeJSkgkjUwJfcLCl,816.95
869,GEjtvnDPogHyY,40.56
870,dkKVGVbXYg,364.39
871,eAHxjtZcFKyBfR,55.19
872,KmfGcdOiAa,125.44
873,WWYMNZyR,133.96
874,ahArjUPcrj,772.99
875,SosrAuNucdnaHH,237.99
876,JyGajof,818.87
877,uwbCdbqXIKoBgLXsHb,981.77
878,PzqEIOYDuubTjPTNE,919.08
879,csUfkRQkyGAvzRgTKWXd,747.7
880,"URVuTUJnLdZxkh ",485.02
881,eiXLsypagUfsH,94.99
882,tGJWdKE,15.03
883,psoBDRpHI,775.72
884,ASnqGHkSL,535.82
885,GEImTCpoIQSKWigjTAI,861.56
886,oASRlRQrXwaRj,422.83
887,Z acmKO,904.95
888,QkXxGLhudgzJDuSw ZC,902.16
889,UfYDMdHuOB,214.51
890,qKnrhlhNciYWJzaUt,38.73
891,wNHbDN,356.58
892,SXFWZuUPAruRH,285.02
893,vPidAvtVhzGqOquHviC,898.68
894,ZiJhTbbL,982.36
895,peEPlZX,963.16
896,vHZz o,915.94
897,uMjUBbD,723.73
898,eGIkafSedSVJoim,850.77
899,VnOvZnZmDHShGyRw,168.71
900,PmrQuMZiUAH,810.1
901,onMOFonFJCJZtTYmu,451.7
902,gWhhlVfrFd,251.68
903,ubz qG,905.98
904,PrvL bw,464.1
905,DGUJBSJrI,961.57
906,epquLuqylbsbJ,762.46
907,fGueFzNO,498.83
908,LbjMQ,466.48
909,EWmKKJ,51.69
910,cZgnJD yeXlfdljW,567.6
911,XIkf qpxXNwgiSfyKP,653.66
912,msSQWczYvAbCfO,722.93
913,viGyNWWlCIyFGYBUmIe,716.89
914,qVxpbGz,146.66
915,qITLmSwJRYQwuep,18.11
916,vkxvrxoiRtaauvDynkG,340.33
917,JxwCQn,263.03
918,JRaxjeKZtvLfE,892.86
919,nDsGAAWv,563.67
920,xRuxJptfUfmUQ,234.2
921,EYmDJINhsd JCzqDQKD,908.26
922,lVCSoBtfebFYZozFtDlV,837.76
923,GmsPrNIamloQihXI,74.97
924,NGCDqo,604.01
925,dxKvWIBXOROcy,317.72
926,jGBVqUfpWGCBOVy,776.98
927,FHKFHdCJmMxDTf,671.65
928,CcfSRg,347.27
929,AtDdXxeC OWeMjzQ,307.89
930,kWoLZgnhGjPWFHpTg,592.6
931,nKwjmaOgcdjoM,565.89
932,IKpuZAvYUBk,590.16
933,ZQhF XxzfvEfmFdQNI,6.25
934,lGWqsVqz,20.55
935,zkSme,368.46
936,pxsnZWFtESMMgXRnvF,992.99
937,KMYsVmLPXUN,839.2
938,AlaGW,986.67
939,IWqpZynfXPL,619.71
940,ucIfmrcqDhJ,618.52
941,tTuHsRcjLVhG,707.68
942,OfRtebk rsmwvqjT,935.01
943,"GHtbr ",922.64
944,ChrjWjSCZ,532.45
945,QIF ZXrzMWuvxbnr,299.56
946,HheGgajuiAuOw WEGszN,525.57
947,p lPks,819.06
948,aHTkZBprxYTCrXKNok,792.66
949,AxbCroDToyBHN ynXKq,315.59
950,NYGNWBsArYiGwAqlW,95.36
951,vuSKdPubGmw,737.02
952,ZRGOgQaCndcmfZvODc,557.74
953,kFPvWPFpvdOwrie,871.27
954,aSzNI,707.66
955,dZncnm,91.52
956,SqwbSaxSOiBIaokPAgq,474.76
957,qTKvIhPMeDWYcDbhSsP,214.71
958,vlkKVBA,976.36
959,ama kSjLaUTeTOT,221.41
960,vlzEfBpbRHX,115.1
961,zfwAug,109.96
962,GirwpFtmfTZxbTfW,616.28
963,sBpiKW,93.65
964,rnwQeWhyX,557.63
965,FRXlaewFSY,336.34
966,K TlIM,501.82
967,RkUzyrkyz,528.91
968,Nxjctvf,51.87
969,oDrPc,809.44
970,aACrQqsfUpKSbG,554.53
971,FfLjidQ,979.59
972,zFgEZDNSFIiLTR,773.02
973,lQEdTbxgQlt,596.78
974,LBkmiFMCHGPBis,891.91
975,iiAGCxm,417.58
976,LYiXhDKUkb,135.89
977,ChiMfdNccR,443.57
978,qhCHGA,932.33
979,AgDxAYT,158.82
980,pmKJFnT,81.03
981,UdekhcAOp,124.48
982,ydBEisTUm,979.76
983,cazmqcrYAX,277.38
984,kLL xJSqzqCjCUfrssQl,762.75
985,CSBkb TldnDQkRy TzQ,806.83
986,Jok hsggDGZOUuX,80.8
987,xoPBBhtlrGFut,335.87
988,ZqmHsbTHzZBvJOG,399.03
989,OgHJvwrFWkJugiHtLt,841.12
990,iSzBD  QYxlpN,172.92
991,uxvBOfxVcqAitLzDLIV,14.81
992,DHSkzRTwesYhLg,588.61
993,ievsAYqsjkrMrSEwyY A,478.34
994,OzbnUfmjr,427.66
995,wHKcTd,656.53
996,akHVvCjeXf cHkjGfEP,401.05
997,YwjwySqJnbvVCFkkqJm,144.38
998,odcWBBdH t j,233.01
999,QgViyOhjmRy,396.24